Profile Name,Title Name,Country,Utc Title Add Date
MOISES,Us,Brazil,2021-09-12
MOISES,The Matrix,Brazil,2021-09-12
MOISES,Turning Point: 9/11 and the War on Terror,Brazil,2021-09-11
MOISES,Modern Family,Brazil,2021-09-01
MOISES,John of God: The Crimes of a Spiritual Healer,Brazil,2021-09-01
MOISES,Clickbait,Brazil,2021-08-31
MOISES,The Chair,Brazil,2021-08-21
MOISES,AlRawabi School for Girls,Brazil,2021-08-21
MOISES,How to Become a Tyrant,Brazil,2021-08-21
MOISES,Dawson's Creek,Brazil,2021-08-17
MOISES,For Life,Brazil,2021-08-17
MOISES,Gone for Good,Brazil,2021-08-17
MOISES,Top Secret UFO Projects: Declassified,Brazil,2021-08-03
MOISES,Blood Red Sky,Brazil,2021-07-26
MOISES,Three Identical Strangers,Brazil,2021-07-23
MOISES,The Cook of Castamar,Brazil,2021-07-14
MOISES,The A List,Brazil,2021-06-25
MOISES,60 Days In,Brazil,2021-06-20
MOISES,Between,Brazil,2021-06-20
MOISES,Bling Empire,Brazil,2021-06-20
MOISES,The Fundamentals of Caring,Brazil,2021-06-20
MOISES,Split,Brazil,2021-06-20
MOISES,Katla,Brazil,2021-06-20
MOISES,Xtreme,Brazil,2021-06-07
MOISES,Secrets of the Saqqara Tomb,Brazil,2021-06-03
MOISES,Seaspiracy,Brazil,2021-04-26
MOISES,I Am,Brazil,2021-04-26
MOISES,This Is a Robbery: The World's Biggest Art Heist,Brazil,2021-04-26
MOISES,The Ripper,Brazil,2021-04-26
MOISES,Mystery Lab,Brazil,2021-04-26
MOISES,American Factory,Brazil,2021-04-26
MOISES,The Mind Explained,Brazil,2021-04-26
MOISES,Force of Nature,Brazil,2021-04-08
MOISES,The One,Brazil,2021-03-16
MOISES,Invisible City,Brazil,2021-02-28
MOISES,Sweet Magnolias,Brazil,2021-02-28
MOISES,Tribes of Europa,Brazil,2021-02-28
MOISES,Behind Her Eyes,Brazil,2021-02-28
MOISES,Ginny & Georgia,Brazil,2021-02-26
MOISES,To All The Boys: Always And Forever,Brazil,2021-02-16
MOISES,Crime Scene: The Vanishing at the Cecil Hotel,Brazil,2021-02-13
MOISES,Chesapeake Shores,Brazil,2021-01-17
MOISES,Full Out 2: You Got This!,Brazil,2021-01-03
MOISES,Headspace Guide to Meditation,Brazil,2021-01-03
MOISES,Bridgerton,Brazil,2020-12-30
MOISES,The Crown,Brazil,2020-11-25
MOISES,Hillbilly Elegy,Brazil,2020-11-25
MOISES,Home for Christmas,Brazil,2020-11-04
MOISES,Over the Moon,Brazil,2020-11-02
MOISES,Christmas Made To Order,Brazil,2020-11-02
MOISES,The Queen's Gambit,Brazil,2020-11-01
MOISES,Someone Has to Die,Brazil,2020-10-24
MOISES,Orange Is the New Black,Brazil,2020-10-20
MOISES,Glee,Brazil,2020-10-20
MOISES,Jane The Virgin,Brazil,2020-10-20
MOISES,Every Day,Brazil,2020-10-14
MOISES,Cable Girls,Brazil,2020-10-14
MOISES,Murder to Mercy: The Cyntoia Brown Story,Brazil,2020-10-10
MOISES,Someone Has to Die,Brazil,2020-10-10
MOISES,American Murder: The Family Next Door,Brazil,2020-10-05
MOISES,Meteor Garden,Brazil,2020-09-19
MOISES,The Sleepover,Brazil,2020-08-31
MOISES,Shadowhunters: The Mortal Instruments,Brazil,2020-08-31
MOISES,The Twelve,Brazil,2020-08-27
MOISES,Warrior Nun,Brazil,2020-08-23
MOISES,#AnneFrank - Parallel Stories,Brazil,2020-07-04
MOISES,The Woods,Brazil,2020-06-13
MOISES,The Wrong Missy,Brazil,2020-05-25
MOISES,Control Z,Brazil,2020-05-25
MOISES,Blood & Water,Brazil,2020-05-25
MOISES,Valeria,Brazil,2020-05-18
MOISES,Snowpiercer,Brazil,2020-05-18
MOISES,18 Presents,Brazil,2020-05-10
MOISES,Into the Night,Brazil,2020-05-10
MOISES,100 Humans,Brazil,2020-04-21
MOISES,Unorthodox,Brazil,2020-04-21
MOISES,The Keepers,Brazil,2020-04-21
MOISES,Making a Murderer,Brazil,2020-04-13
MOISES,The Staircase,Brazil,2020-04-13
MOISES,The Innocent Man,Brazil,2020-04-13
MOISES,Exhibit A,Brazil,2020-04-13
MOISES,Broken,Brazil,2020-04-13
MOISES,Zodiac,Brazil,2020-04-12
MOISES,The Chalet,Brazil,2020-04-06
MOISES,Marcella,Brazil,2020-04-06
MOISES,Lion,Brazil,2020-04-05
MOISES,The Lighthouse of the Orcas,Brazil,2020-04-05
MOISES,The Boy Who Harnessed the Wind,Brazil,2020-04-05
MOISES,Sniper: Ultimate Kill,Brazil,2020-04-05
MOISES,Miracle in Cell No. 7,Brazil,2020-04-02
MOISES,The Decline,Brazil,2020-04-02
MOISES,Trapped,Brazil,2020-03-29
MOISES,The Occupant,Brazil,2020-03-29
MOISES,Self Made: Inspired by the Life of Madam C.J. Walker,Brazil,2020-03-29
MOISES,Freud,Brazil,2020-03-26
MOISES,I AM A KILLER,Brazil,2020-03-26
MOISES,Lost Girls,Brazil,2020-03-26
MOISES,Cold Case Files,Brazil,2020-03-26
MOISES,The Valhalla Murders,Brazil,2020-03-26
Rafael,Blood Red Sky,Brazil,2021-09-12
Rafael,Kate,Brazil,2021-09-12
Rafael,Beckett,Brazil,2021-08-13
Rafael,The Kissing Booth 3,Brazil,2021-08-13
Rafael,Resort to Love,Brazil,2021-08-13
Rafael,Skater Girl,Brazil,2021-06-16
Rafael,Xtreme,Brazil,2021-06-06
Rafael,Stowaway,Brazil,2021-04-25
Rafael,The Crown,Brazil,2021-04-21
Rafael,Into the Beat,Brazil,2021-04-11
Rafael,Zero,Brazil,2021-04-11
Rafael,The Innocent,Brazil,2021-04-11
Rafael,The Walking Dead,Brazil,2021-04-11
Rafael,New Gods: Nezha Reborn,Brazil,2021-04-11
Rafael,Love and Monsters,Brazil,2021-04-11
Rafael,Get the Grift,Brazil,2021-04-11
Rafael,Sky High,Brazil,2021-04-06
Rafael,Paper Lives,Brazil,2021-03-30
Rafael,The Sleepover,Brazil,2021-03-21
Rafael,Sky Rojo,Brazil,2021-03-19
Rafael,Bad Trip,Brazil,2021-03-19
Rafael,Viajo porque preciso volto porque te amo,Brazil,2021-03-19
Rafael,Force of Nature,Brazil,2021-03-19
Rafael,Concrete Cowboy,Brazil,2021-03-19
Rafael,Secret Magic Control Agency,Brazil,2021-03-19
Rafael,The Irregulars,Brazil,2021-03-19
Rafael,Sentinelle,Brazil,2021-03-09
Rafael,Mission: Impossible - Fallout,Brazil,2021-02-25
Rafael,Dracula Untold,Brazil,2021-02-17
Rafael,Animals on the Loose: A You vs. Wild Movie,Brazil,2021-02-15
Rafael,Snowpiercer,Brazil,2021-01-23
Rafael,Below Zero,Brazil,2021-01-23
Rafael,Finding ‘Ohana,Brazil,2021-01-23
Rafael,Invisible City,Brazil,2021-01-23
Rafael,Tribes of Europa,Brazil,2021-01-23
Rafael,Animals on the Loose: A You vs. Wild Movie,Brazil,2021-01-23
Rafael,Red Dot,Brazil,2021-01-23
Rafael,Space Sweepers,Brazil,2021-01-23
Rafael,Surviving Death,Brazil,2021-01-08
Rafael,Chilling Adventures of Sabrina,Brazil,2020-12-27
Rafael,Børning 3: Asphalt Burning,Brazil,2020-12-27
Rafael,Lupin,Brazil,2020-12-27
Rafael,Outside the Wire,Brazil,2020-12-27
Rafael,Cobra Kai,Brazil,2020-12-27
Rafael,The Midnight Sky,Brazil,2020-12-21
Rafael,Mosul,Brazil,2020-12-11
Rafael,Ava,Brazil,2020-12-11
Rafael,Jingle Jangle: A Christmas Journey,Brazil,2020-11-28
Rafael,The Christmas Chronicles: Part Two,Brazil,2020-11-25
Rafael,Rogue City,Brazil,2020-11-03
Rafael,La Révolution,Brazil,2020-10-21
Rafael,To the Lake,Brazil,2020-10-21
Rafael,Cobra Kai,Brazil,2020-09-09
Rafael,Senna,Brazil,2020-09-03
Rafael,A Life of Speed: The Juan Manuel Fangio Story,Brazil,2020-09-03
Rafael,Santana,Brazil,2020-09-02
Rafael,The Last Kingdom,Brazil,2020-08-22
Rafael,The Old Guard,Brazil,2020-07-27
Rafael,Adú,Brazil,2020-07-07
Rafael,Time to Hunt,Brazil,2020-06-28
Rafael,Lost Bullet,Brazil,2020-06-20
Rafael,Knightfall,Brazil,2020-06-18
Rafael,King Arthur: Legend of the Sword,Brazil,2020-06-18
Rafael,The Last Days of American Crime,Brazil,2020-06-07
Rafael,The Dreamseller,Brazil,2020-05-01
Rafael,Death Wish (2018),Brazil,2020-04-27
Rafael,Extraction,Brazil,2020-04-26
Rafael,Code 8,Brazil,2020-04-07
Rafael,Sergio,Brazil,2020-04-07
Rafael,Power Rangers Beast Morphers,Brazil,2020-01-17
Rafael,The King,Brazil,2019-12-25
Rafael,Takers,Brazil,2019-12-25
Rafael,Arrival,Brazil,2019-12-25
Rafael,The Two Popes,Brazil,2019-12-24
Rafael,V Wars,Brazil,2019-12-24
Rafael,Daybreak,Brazil,2019-10-28
Rafael,El Camino: A Breaking Bad Movie,Brazil,2019-10-14
Rafael,Hyperdrive,Brazil,2019-09-01
Rafael,Shadow,Brazil,2019-07-31
Rafael,Secret Obsession,Brazil,2019-07-22
Rafael,The Silence,Brazil,2019-07-12
Rafael,Marvel's Luke Cage,Brazil,2019-07-04
Rafael,Beats,Brazil,2019-06-27
Rafael,The Wolf's Call,Brazil,2019-06-25
Rafael,Alien Warfare,Brazil,2019-06-13
Rafael,22 July,Brazil,2019-04-02
Rafael,Burn Out,Brazil,2019-03-15
Rafael,Triple Frontier,Brazil,2019-03-13
Rafael,Concussion,Brazil,2019-02-07
Rafael,Soar Into the Sun,Brazil,2019-02-07
Rafael,Wolf,Brazil,2019-01-29
Rafael,22 July,Brazil,2018-12-25
Rafael,Bodyguard,Brazil,2018-12-25
Rafael,Invincible,Brazil,2018-12-17
Rafael,The Crew,Brazil,2018-11-24
Rafael,Vendetta,Brazil,2018-11-24
Rafael,Hitler's Circle of Evil,Brazil,2018-10-24
Rafael,World War II in Colour,Brazil,2018-10-24
Rafael,Left Behind,Brazil,2018-09-22
Rafael,Beverly Hills Cop III,Brazil,2018-09-22
Rafael,The Debt Collector,Brazil,2018-09-12
Rafael,Pain & Gain,Brazil,2018-08-02
Rafael,Money Heist,Brazil,2018-04-27
Rafael,Van Helsing,Brazil,2017-12-10
Rafael,Falcon Rising,Brazil,2017-11-20
Rafael,Sabotage,Brazil,2017-11-06
Rafael,Collide,Brazil,2017-11-06
Rafael,The Wave,Brazil,2017-11-06
Rafael,Marvel's Iron Fist,Brazil,2017-03-28
Rafael,Kill Ratio,Brazil,2017-03-05
Rafael,I Robot,Brazil,2017-03-05
Rafael,The Prince,Brazil,2017-03-03
Rafael,Shooter,Brazil,2017-01-01
Rafael,Hands of Stone,Brazil,2017-01-01
Rafael,3%,Brazil,2016-12-14
Marcio,Rick and Morty,Brazil,2021-01-26
Marcio,Bridgerton,Brazil,2021-01-24
Marcio,Lupin,Brazil,2021-01-24
Marcio,The Ranch,Brazil,2019-09-21
Marcio,Sextuplets,Brazil,2019-08-21
Marcio,Shooter,Brazil,2019-04-02
Marcio,Formula 1: Drive to Survive,Brazil,2019-03-28
Marcio,The Order,Brazil,2019-03-15
Marcio,The 100,Brazil,2019-02-21
Marcio,Tidying Up with Marie Kondo,Brazil,2019-01-02
Marcio,Vikings,Brazil,2018-12-13
Marcio,Death by Magic,Brazil,2018-12-13
Marcio,A Christmas Prince: The Royal Wedding,Brazil,2018-12-09
Marcio,Marvel's The Punisher,Brazil,2018-11-04
Marcio,Property Brothers,Brazil,2018-06-29
Marcio,Supergirl,Brazil,2018-06-29
Marcio,3%,Brazil,2018-06-26
Marcio,Money Heist,Brazil,2018-05-03
Marcio,The Ranch,Brazil,2018-04-17
Marcio,Friends,Brazil,2018-02-13
Marcio,The Walking Dead,Brazil,2018-01-29
Marcio,Bright,Brazil,2018-01-21
Marcio,Grimm,Brazil,2018-01-07
Marcio,Grimm,Brazil,2018-01-02
Marcio,Shooter,Brazil,2017-02-05
Marcio,The Flash,Brazil,2017-01-11
Marcio,Arrow,Brazil,2017-01-10
Victor,Chesapeake Shores,Brazil,2021-09-21
Victor,Great White,Brazil,2021-09-19
Victor,The Father Who Moves Mountains,Brazil,2021-09-19
Victor,The Equalizer 2,Brazil,2021-09-19
Victor,Money Heist,Brazil,2021-09-02
Victor,Kid-E-Cats,Brazil,2021-08-08
Victor,SHAMAN KING,Brazil,2021-07-30
Victor,The Witcher,Brazil,2021-07-24
Victor,Cobra Kai,Brazil,2021-07-24
Victor,Stranger Things,Brazil,2021-07-24
Victor,Masters of the Universe: Revelation,Brazil,2021-07-21
Victor,True: Tricky Treat Day,Brazil,2021-06-24
Victor,Workin' Moms,Brazil,2021-06-19
Victor,Rurouni Kenshin: The Final,Brazil,2021-06-16
Victor,Record of Ragnarok,Brazil,2021-06-16
Victor,Awake,Brazil,2021-06-10
Victor,I Care a Lot,Brazil,2021-02-22
Victor,Last Knights,Brazil,2021-01-05
Victor,Godless,Brazil,2020-12-30
Victor,Cobra Kai,Brazil,2020-12-26
Victor,Angela's Christmas 2,Brazil,2020-11-22
Victor,Peaky Blinders,Brazil,2020-02-02
Victor,Changeling,Brazil,2019-07-27
